id,title,authors,year,venue,theme,method,material,key_finding,doi_or_url
1,"Machine learning enabled 3D printing parameter settings for desired mechanical properties","Various",2024,"Virtual and Physical Prototyping","ML prediction","LSTM neural network","MEX materials","LSTM model predicts parameter configurations to meet specific stress-strain requirements","https://doi.org/10.1080/17452759.2024.2425825"
2,"Review of machine learning applications in additive manufacturing","Various",2024,"Results in Engineering","ML review","Multiple ML methods","Multiple","Comprehensive review covering supervised, unsupervised, and reinforcement learning in AM","https://www.sciencedirect.com/science/article/pii/S2590123024019194"
3,"Predictive ML and printing parameter optimization for enhanced impact performance of 3D-printed Onyx-Kevlar composites","Various",2025,"Discover Materials","ML prediction","ML ensemble methods","Onyx-Kevlar","ML-driven optimization of composite print parameters for impact resistance","https://doi.org/10.1007/s43939-025-00307-6"
4,"Optimization of 4D/3D printing via machine learning: A systematic review","Various",2024,"Materials Today Communications","ML review","Systematic review","Multiple","Systematic review of ML optimization methods across 3D/4D printing","https://www.sciencedirect.com/science/article/pii/S2773207X24001039"
5,"Machine learning-driven 3D printing: A review","Various",2024,"Applied Materials Today","ML review","Review","Multiple","Review of ML integration across the full 3D printing pipeline","https://www.sciencedirect.com/science/article/abs/pii/S2352940724002518"
6,"Optimization of 3D Printing Parameters Using Machine Learning Techniques","Various",2025,"Springer","ML optimization","ML techniques","PLA","Chapter on ML-based parameter optimization methodology","https://doi.org/10.1007/978-3-031-88999-8_21"
7,"Multi objective optimization of FDM 3D printing parameters via DOE and ML algorithms","Various",2025,"Scientific Reports","Multi-objective optimization","RSM + NSGA-II + ML","PLA","Integrated DOE-ML-NSGA-II framework for multi-objective FDM optimization","https://www.nature.com/articles/s41598-025-01016-z"
8,"Machine Learning Approaches for FDM-Based 3D Printing: A Literature Review","Various",2025,"Applied Sciences","ML review","Literature review","FDM materials","Comprehensive review of ML approaches specific to FDM printing","https://www.mdpi.com/2076-3417/15/18/10001"
9,"Review on Optimization of Process Parameters of FDM 3D Printing Technology","Various",2025,"ACM Proceedings","Process optimization","Review","FDM materials","Review covering traditional and modern optimization of FDM parameters","https://doi.org/10.1145/3757940.3757975"
10,"Predicting dynamic tensile response of FDM materials using ML","Various",2025,"Discover Applied Sciences","ML prediction","NN, DT, SVR, RF, GPR, kNN","FDM materials","Comparison of 6 ML models for dynamic tensile prediction","https://doi.org/10.1007/s42452-025-08049-z"
11,"Analyzing impact of process parameters on surface roughness and mechanical properties in FDM using ML","Various",2025,"IJIDM","ML prediction","SVR, RF","PLA","98% accuracy for surface roughness, 96% for tensile strength prediction","https://doi.org/10.1007/s12008-025-02313-7"
12,"Prediction and optimization of tensile strength of additively manufactured PEEK using ML","Various",2024,"MMMD","ML prediction","SVR, RF","PEEK","Less than 5% deviation from experimental UTS values","https://doi.org/10.1007/s41939-024-00505-4"
13,"Prediction of tensile strength in FDM using ANN technique","Dey & Yodo",2020,"ResearchGate","ML prediction","ANN","FDM materials","ANN-based tensile strength prediction for FDM","https://www.researchgate.net/publication/347433505"
14,"Improvement of tensile strength of FDM part using ANN and genetic algorithm","Various",2023,"Emerald Insight","ML optimization","ANN + GA","FDM materials","Combined ANN-GA approach for strength optimization","https://doi.org/10.1108/ijieom-01-2023-0006"
15,"Predicting tensile strength of material extrusion parts during pre-process using neural networks","Various",2023,"IJAMT","ML prediction","Neural networks","FDM materials","MAPE of 2.54% for pre-process tensile prediction","https://doi.org/10.1007/s00170-023-12256-6"
16,"Experimental study and ANN development for modeling tensile and surface quality of fiber-reinforced nylon composites","Various",2025,"Polymers","ML prediction","ANN + XGBoost + SHAP","Nylon composites","XGBoost with recursive feature elimination and SHAP explainability","https://www.mdpi.com/2073-4360/17/11/1528"
17,"Free 3D-printing datasets enable analysis and confidence in printed parts","ORNL",2023,"ORNL News","Dataset","Open dataset","Multiple","Public AM dataset for quality prediction, 61% fewer errors in UTS prediction","https://www.ornl.gov/news/free-3d-printing-datasets-enable-analysis-confidence-printed-parts"
18,"FDM-Bench: A Comprehensive Benchmark for Evaluating LLMs in AM Tasks","Various",2024,"arXiv","Benchmark","LLM evaluation","PLA","G-code dataset with systematic anomalies for LLM evaluation","https://arxiv.org/html/2412.09819v1"
19,"Generalisable 3D printing error detection and correction via multi-head neural networks","Various",2022,"Nature Communications","Defect detection","Multi-head CNN","Multiple","1.2M image dataset from 192 parts for real-time error detection","https://www.nature.com/articles/s41467-022-31985-y"
20,"Data-driven framework for printability and geometric quality prediction in 3D concrete printing","Various",2025,"Automation in Construction","ML prediction","Data-driven framework","Concrete","Open-source framework with datasets and trained models on GitHub","https://www.sciencedirect.com/science/article/pii/S0264127525017307"
21,"Multi-Objective Optimization of Additive Manufacturing Process","Various",2018,"IFAC-PapersOnLine","Multi-objective optimization","Pareto optimization","AM materials","Multi-objective optimization with Pareto-optimal solutions for AM","https://www.sciencedirect.com/science/article/pii/S2405896318313740"
22,"Single and multi-objective optimization of FDM using metaheuristic algorithms","Various",2020,"Procedia Manufacturing","Multi-objective optimization","MOGWO, MOALO, MOMVO, MODA, PESA-II, SPEA-II","FDM materials","Comparison of 6 metaheuristic algorithms for FDM optimization","https://www.sciencedirect.com/science/article/pii/S2351978920319612"
23,"Optimization Methodology for AM Parameter by FDM Based on RSM-RVEA","Various",2024,"Journal of Mechanical Engineering","Multi-objective optimization","RSM + RVEA","FDM materials","RSM combined with reference vector evolutionary algorithm","https://doi.org/10.3901/JME.2024.19.277"
24,"Multi-Objective Optimization for FDM Process Parameters with Evolutionary Algorithms","Various",2021,"Springer","Multi-objective optimization","Evolutionary algorithms","FDM materials","Evolutionary algorithm comparison for FDM multi-objective optimization","https://doi.org/10.1007/978-3-030-68024-4_22"
25,"Multi-Objective Accelerated Process Optimization of Part Geometric Accuracy in AM","Various",2017,"ASME J. Manufacturing","Multi-objective optimization","Accelerated optimization","AM materials","Multi-objective optimization framework for geometric accuracy","https://doi.org/10.1115/1.4035022"
26,"Tri-domain prediction and optimization of nanocomposite polymers for 3D printing","Various",2026,"Scientific Reports","ML optimization","Physics-Guided Multi-Task Attention Ensemble + BO","Nanocomposites","Bayesian optimization for Pareto-optimal polymer nanocomposite configurations","https://www.nature.com/articles/s41598-026-43774-4"
27,"Real-time defect detection for FDM 3D printing using lightweight model deployment","Hu et al.",2024,"Various","Defect detection","Improved YOLOv8","FDM materials","mAP50 97.5%, 18.1% FPS increase, 32.9% GFLOPs reduction","https://www.researchgate.net/publication/380871253"
28,"A Real-Time Defect Detection Strategy for AM Based on Deep Learning and Machine Vision","Various",2024,"Micromachines","Defect detection","Enhanced YOLOv8","AM materials","mAP50 91.7% at 71.9 FPS","https://www.mdpi.com/2072-666X/15/1/28"
29,"Deep learning for object recognition and defect analysis in AM","Various",2025,"Discover Materials","Defect detection","CNN","FDM materials","98.6% accuracy classifying 5 common FDM defects on 1912-image dataset","https://doi.org/10.1007/s43939-025-00408-2"
30,"Real-Time 3D Printing Remote Defect Detection (Stringing) with Computer Vision and AI","Various",2020,"Processes","Defect detection","CNN","FDM materials","99.31% accuracy for stringing defect detection","https://www.mdpi.com/2227-9717/8/11/1464"
31,"In situ monitoring for fused filament fabrication process: A review","Various",2021,"Additive Manufacturing","Process monitoring","Review","FFF materials","Comprehensive review of in-situ monitoring sensors and methods for FFF","https://www.sciencedirect.com/science/article/abs/pii/S2214860420311210"
32,"Multi-view deep information fusion framework for online quality monitoring in MEAM","Various",2025,"Virtual and Physical Prototyping","Process monitoring","Multi-view deep fusion","ME materials","Multi-view fusion for autonomous quality monitoring and correction","https://doi.org/10.1080/17452759.2025.2500672"
33,"Real-time remote monitoring and defect detection in smart AM for reduced material wastage","Various",2025,"Measurement","Process monitoring","Smart monitoring","AM materials","Real-time monitoring framework for waste reduction in AM","https://www.sciencedirect.com/science/article/abs/pii/S0263224125007213"
34,"FDM-3D printing parameter optimization using Taguchi approach on surface roughness of TPU parts","Various",2023,"IJIDM","DOE optimization","Taguchi L27 + ANOVA","TPU","Taguchi optimization with S/N ratio and ANOVA for TPU surface finish","https://doi.org/10.1007/s12008-023-01304-w"
35,"Taguchi-ANN Hybrid Approach for Evaluating Unsupported Overhang Structures in FDM","Ulkir",2025,"J. Polymer Science","DOE + ML","Taguchi + ANN","PLA/ABS","Hybrid Taguchi-ANN for overhang quality prediction","https://doi.org/10.1002/pol.20250752"
36,"Optimization of process parameters to minimize circularity error and surface roughness in FDM using Taguchi","Various",2024,"J. Biomedical Materials","DOE optimization","Taguchi + ANOVA","Biomedical polymers","42% circularity error reduction, 67% Ra reduction vs defaults","https://doi.org/10.1080/20550340.2024.2406156"
37,"Investigation on Mechanical Properties of 3D Printed CF/ABS by Optimized Process Parameters Using Taguchi and ANOVA","Various",2025,"Springer","DOE optimization","Taguchi + ANOVA","CF/ABS","Taguchi-ANOVA optimization for carbon fiber reinforced ABS","https://doi.org/10.1007/978-981-96-3165-0_17"
38,"Toward autonomous additive manufacturing: Bayesian optimization on a 3D printer","Various",2021,"MRS Bulletin","Bayesian optimization","Bayesian optimization","AM materials","Framework for autonomous AM parameter optimization using BO","https://doi.org/10.1557/s43577-021-00051-1"
39,"Bayesian optimization with GP-based active ML for geometric accuracy in projection multi-photon 3D printing","Various",2024,"Light: Science & Applications","Bayesian optimization","GP + Active learning","Photopolymers","Active learning with GP for optimal process parameter determination","https://www.nature.com/articles/s41377-024-01707-8"
40,"Optimizing 3D Printing Process Parameters to Minimize Surface Roughness Using Bayesian Optimization","Various",2024,"ASME IDETC-CIE","Bayesian optimization","Bayesian optimization","FDM materials","BO for surface roughness minimization in FDM","https://doi.org/10.1115/DETC2024-143456"
41,"Deep Gaussian process for enhanced Bayesian optimization in additive manufacturing","Various",2024,"IISE Transactions","Bayesian optimization","Deep GP + BO","AM materials","Deep GP surrogate overcomes non-stationarity in AM optimization","https://doi.org/10.1080/24725854.2024.2312905"
42,"AMBayes: Bayesian data-driven framework for large-scale full-field prediction in AM","Various",2025,"J. Intelligent Manufacturing","Bayesian optimization","Feature-based GP + BO","AM materials","Real-time Bayesian surrogate with limited samples for AM optimization","https://doi.org/10.1007/s10845-025-02739-6"
43,"Autonomous process set-up with Bayesian optimization for high shape fidelity in hydrogel-based 3D printing","Various",2026,"J. Intelligent Manufacturing","Bayesian optimization","BO","Hydrogels","Autonomous BO-driven parameter optimization for hydrogel printing","https://doi.org/10.1007/s10845-026-02804-8"
44,"Layer combination of similar infill patterns on tensile and compression behavior of 3D printed PLA","Various",2025,"Scientific Reports","Parameter effects","Experimental study","PLA","Comparison of infill pattern combinations on mechanical properties","https://www.nature.com/articles/s41598-025-94446-8"
45,"Effects of FDM-3D printing parameters on mechanical properties of CF/PEEK and GF/PEEK","Various",2020,"Chinese J. Aeronautics","Parameter effects","Experimental","CF/PEEK, GF/PEEK","Nozzle temp and platform temp effects on composite crystallization","https://www.sciencedirect.com/science/article/pii/S1000936120302806"
46,"Effects of FDM Process Parameters Infill Pattern, Layer Thickness, and Printing Temperature on Tensile Properties and Surface Roughness of 3D-Printed PLA","Various",2025,"JMEP","Parameter effects","Experimental + statistical","PLA","Systematic study of infill, layer height, and temperature on PLA quality","https://doi.org/10.1007/s11665-025-13119-9"
47,"A systematic review of fused deposition modeling process parameters","Various",2022,"OAE Publishing","Parameter effects","Systematic review","FDM materials","Comprehensive parameter review with established relationships","https://www.oaepublish.com/articles/ss.2022.08"
48,"The thermal properties of FDM printed polymeric materials: A review","Various",2024,"Polymer Degradation and Stability","Process physics","Review","Polymers","Review of thermal behavior during FDM including crystallization and degradation","https://www.sciencedirect.com/science/article/pii/S0141391024002465"
49,"Influence of Layer Thickness and Raster Angle on Mechanical Properties of 3D-Printed PEEK","Various",2017,"Polymers","Parameter effects","Experimental","PEEK, ABS","Optimal properties at 300um layer height and 0 degree raster angle","https://pmc.ncbi.nlm.nih.gov/articles/PMC5512651/"
50,"Investigation of effect of raster angle, build orientation, and infill density on elastic response of 3D printed parts using FE modeling","Various",2021,"IJAMT","Parameter effects","FE + Homogenization","FDM materials","Finite element microstructural modeling of FDM part anisotropy","https://doi.org/10.1007/s00170-021-07940-4"
51,"Material Anisotropy in Additively Manufactured Polymers and Polymer Composites: A Review","Various",2021,"Polymers","Process physics","Review","Polymers","Review of anisotropy causes and mitigation in AM polymers","https://pmc.ncbi.nlm.nih.gov/articles/PMC8512748/"
52,"Effects of raster angle on tensile and surface roughness properties of various FDM filaments","Various",2021,"JMST","Parameter effects","Experimental","PLA, ABS, PETG","UTS highest at 0 degree raster angle, decreases with angle increase","https://doi.org/10.1007/s12206-021-0708-8"
53,"Effects of Building Orientation and Raster Angle on Mechanical Properties in FFF","Various",2024,"Materials","Parameter effects","Experimental","PLA, ABS, PETG","Comprehensive study of orientation and raster effects across materials","https://www.mdpi.com/1996-1944/17/24/6076"
54,"Effect of raster angle on tensile and flexural strength of 3D printed PLA+ parts","Various",2025,"AIMS Materials Science","Parameter effects","Experimental","PLA+","Raster angle effects on both tensile and flexural strength","https://www.aimspress.com/article/doi/10.3934/matersci.2025019"
55,"Simulating and Predicting Part Warping in FDM by Thermal-Structural Coupling Analysis","Chen et al.",2023,"3D Printing and Additive Manufacturing","Process physics","FEA simulation","FDM materials","Thermal-structural coupling FE model predicts warping deformation","https://doi.org/10.1089/3dp.2021.0119"
56,"Prediction of part distortion in FDM of semi-crystalline polymers via COMSOL","Various",2021,"Design Science","Process physics","FEA + COMSOL","Semi-crystalline polymers","COMSOL-based distortion prediction for semi-crystalline FDM polymers","https://www.sciencedirect.com/science/article/abs/pii/S1755581721000699"
57,"Residual thermal stress in fused deposition modelling","Various",2018,"ResearchGate","Process physics","Analytical + FEA","FDM materials","Analysis of residual stress buildup and cooling-induced warping","https://www.researchgate.net/publication/323212194"
58,"FEA of residual stress and warpage in 3D printed semi-crystalline polymer","Various",2021,"J. Manufacturing Processes","Process physics","FEA","Semi-crystalline polymers","Effect of ambient temperature and nozzle speed on residual stress","https://www.sciencedirect.com/science/article/abs/pii/S1526612521006381"
59,"Simulation Analysis of Temperature Change in FDM Process Based on ANSYS APDL","Various",2025,"Polymers","Process physics","ANSYS FEA","FDM materials","Birth-death element technique for FDM thermal simulation","https://pmc.ncbi.nlm.nih.gov/articles/PMC12565941/"
60,"Digital Twins in 3D Printing Processes Using Artificial Intelligence","Various",2024,"Electronics","Digital twin","AI-driven digital twin","Multiple","Review of AI-enhanced digital twins for 3D printing","https://www.mdpi.com/2079-9292/13/17/3550"
61,"A digital twin ecosystem for additive manufacturing using a real-time development platform","Various",2022,"PMC","Digital twin","Real-time digital twin","AM materials","Digital twin ecosystem with real-time monitoring for AM","https://pmc.ncbi.nlm.nih.gov/articles/PMC9007262/"
62,"Real-Time Decision-Making for Digital Twin in AM with Model Predictive Control using Time-Series DNN","Various",2025,"ResearchGate","Digital twin","DNN + MPC","AM materials","Time-series deep neural network for real-time digital twin decisions","https://www.researchgate.net/publication/388029130"
63,"Digital Twins in Additive Manufacturing: A Systematic Review","Various",2024,"arXiv","Digital twin","Systematic review","AM materials","Systematic review covering DT architectures and implementations in AM","https://arxiv.org/html/2409.00877v2"
64,"Design and testing of a digital twin for monitoring and quality assessment of material extrusion process","Various",2022,"Additive Manufacturing","Digital twin","DT for ME","ME materials","Digital twin prototype for material extrusion quality monitoring","https://www.sciencedirect.com/science/article/abs/pii/S2214860422000392"
65,"Development of Data-Driven Digital Twin for Real-Time Monitoring of FDM 3D Printer","Various",2021,"JMEA","Digital twin","Data-driven DT","FDM materials","Data-driven digital twin specifically for FDM monitoring","http://article.sapub.org/10.5923.j.jmea.20211002.01.html"
66,"HP 3D Printing Open Sources AI Surrogates for AM Using NVIDIA PhysicsNeMo","HP/NVIDIA",2025,"NVIDIA Blog","Digital twin","Physics-informed ML surrogates","Multi Jet Fusion","Open-source AI surrogate models for manufacturing digital twins","https://developer.nvidia.com/blog/spotlight-hp-3d-printing-and-nvidia-physicsnemo-collaborate-on-open-source-manufacturing-digital-twin/"
67,"Multi objective optimization and prediction of surface roughness in FDM","Various",2022,"Scientific Reports","ML + optimization","RSM + ANN + GA","FDM materials","Combined RSM-ANN-GA framework for surface finish optimization","https://www.nature.com/articles/s41598-022-20782-8"
68,"Mathematical modeling and FDM process parameters optimization using RSM based on Q-optimal design","Various",2017,"Applied Mathematical Modelling","DOE optimization","RSM","FDM materials","Q-optimal RSM design for FDM parameter modeling","https://www.sciencedirect.com/science/article/pii/S0307904X16303675"
69,"Modelling and evolutionary computation optimization on FDM for flexural strength using RSM and PSO","Various",2020,"PIAM","ML + optimization","RSM + PSO","FDM materials","Particle swarm optimization combined with RSM for FDM","https://doi.org/10.1007/s40964-020-00157-z"
70,"Multi-objective optimization of surface finish and VOC emissions in FFF using ANN-NSGA-II","Various",2025,"Scientific Reports","ML + optimization","ANN + NSGA-II","FFF materials","Hybrid ANN-NSGA-II for simultaneous surface quality and emission optimization","https://www.nature.com/articles/s41598-025-17304-7"
71,"Prediction-based multi-objective optimization method for 3D printing resource consumption","Various",2024,"IJAMT","ML + optimization","Prediction + MOO","3D printing materials","Resource consumption optimization using predictive modeling","https://doi.org/10.1007/s00170-024-14143-0"
72,"Interpretable ML-Based Influence Factor Identification for 3D Printing Process-Structure Linkages","Various",2024,"Polymers","Interpretable ML","SHAP analysis","3D printing materials","SHAP-based identification of key process-structure relationships","https://pmc.ncbi.nlm.nih.gov/articles/PMC11436170/"
73,"Optimizing 3D printing parameters for enhanced tensile strength and efficiency using ML","Various",2025,"PIAM","ML prediction","ML + SHAP","FDM materials","Printing temperature most influential via SHAP; higher temps improve bonding","https://doi.org/10.1007/s40964-025-01485-8"
74,"Explainable AI Techniques for Comprehensive Analysis of FDM Process Parameters and Material Properties in Biocomposites","Various",2024,"JMAM","Interpretable ML","SHAP, LIME, PDP","Biocomposites","Infill density most significant: SHAP values +2.75 UTS, +5.8 flexural","https://www.mdpi.com/2504-4494/8/4/171"
75,"An Efficient and Uncertainty-aware RL Framework for Quality Assurance in Extrusion AM","Various",2025,"arXiv","Reinforcement learning","RL + uncertainty quantification","Extrusion AM","Vision-based uncertainty-aware RL for real-time quality assurance","https://arxiv.org/html/2503.00971v1"
76,"RL-based closed-loop control system for adaptive process parameter optimisation in 3D printing","Various",2026,"NDT&E","Reinforcement learning","RL + closed-loop control","3D printing materials","Quality enhancements of 35-55% and efficiency improvements of 18-28%","https://doi.org/10.1080/10589759.2026.2626956"
77,"A reinforcement learning approach for process parameter optimization in additive manufacturing","Various",2023,"Additive Manufacturing","Reinforcement learning","RL","AM materials","RL for autonomous process parameter optimization in AM","https://www.sciencedirect.com/science/article/abs/pii/S2214860423001690"
78,"Shrinkage prediction and correction in material extrusion using neural network regression","Various",2023,"Virtual and Physical Prototyping","ML prediction","NN regression","Cellulose-chitin","Neural network prediction and compensation for shrinkage","https://doi.org/10.1080/17452759.2023.2225039"
79,"Modeling, analysis, and optimization of dimensional accuracy of FDM using definitive screening design and deep learning ANN","Various",2020,"Advances in Manufacturing","ML prediction","DSD + ANN","FDM materials","Deep learning ANN for dimensional accuracy prediction and optimization","https://doi.org/10.1007/s40436-020-00336-9"
80,"Prediction of Dimensional Changes of Low-Cost Metal ME Parts Using ML Techniques","Various",2021,"Metals","ML prediction","LR, LRI, NN","Metal ME","NN achieves 0.999 R-squared for dimensional change prediction","https://www.mdpi.com/2075-4701/11/5/690"
81,"Shrinkage compensation approach proposed for ABS material in FDM process","Various",2019,"Materials and Manufacturing Processes","Process physics","Compensation model","ABS","Systematic shrinkage compensation methodology for ABS FDM","https://doi.org/10.1080/10426914.2019.1594252"
82,"GraphCompNet: A Position-Aware Model for Predicting and Compensating Shape Deviations in 3D Printing","Various",2025,"arXiv","ML prediction","GNN + GAN","3D printing materials","Graph neural network for geometry-aware shape deviation prediction","https://arxiv.org/html/2502.09652"
83,"The effect of six key process control parameters on surface roughness, dimensional accuracy, and porosity in ME 3D printing of PLA","Various",2022,"Advances in Industrial and Manufacturing Engineering","ML prediction","Prediction models","PLA","Six-parameter study of roughness, accuracy, and porosity","https://www.sciencedirect.com/science/article/pii/S2666912922000319"
84,"Evaluating machine learning methods for predicting surface roughness of FDM printed parts using PLA+","Various",2024,"IJIDM","ML prediction","Random Forest, J48","PLA+","RF and J48 best for Ra prediction in FDM","https://doi.org/10.1007/s12008-024-02215-0"
85,"Surface Roughness Modeling of Material Extrusion PLA Flat Surfaces","Jakupi",2023,"Int J Polymer Science","ML prediction","Analytical model","PLA","Layer height, speed, infill ranked by significance for roughness","https://doi.org/10.1155/2023/8844626"
86,"Image-based failure detection for material extrusion using CNN","Various",2020,"IJAMT","Defect detection","VGGNet CNN","ME materials","97% accuracy using webcam + modified VGGNet for ME failure detection","https://doi.org/10.1007/s00170-020-06201-0"
87,"Detection of Spaghetti and Stringing Failure in 3D Printing","Various",2024,"ResearchGate","Defect detection","AlexNet-SVM","FDM materials","AlexNet-SVM for spaghetti/stringing detection on Raspberry Pi","https://www.researchgate.net/publication/379318421"
88,"Anomaly Detection in Fused Filament Fabrication Using Machine Learning","Various",2023,"PMC","Defect detection","ML anomaly detection","FFF materials","ML-based anomaly detection combining multiple sensor signals","https://pmc.ncbi.nlm.nih.gov/articles/PMC10280217/"
89,"Filament Breakage Monitoring in FDM Using Acoustic Emission Technique","Wu et al.",2018,"Sensors","Process monitoring","Acoustic emission","FDM materials","AE sensors detect filament breakage and nozzle clogging in FDM","https://pmc.ncbi.nlm.nih.gov/articles/PMC5877116/"
90,"A dynamic model for current-based nozzle condition monitoring in FDM","Tlegenov et al.",2019,"PIAM","Process monitoring","Vibration + current","FDM materials","Physics-based dynamic model detects nozzle clogging via vibration","https://doi.org/10.1007/s40964-019-00089-3"
91,"Nozzle condition monitoring in 3D printing","Various",2017,"Cambridge Repository","Process monitoring","Vibration sensing","FDM materials","Vibration-based nozzle clog detection with nonlinear amplitude analysis","https://www.repository.cam.ac.uk/bitstreams/bb1e74e7-eee8-4c81-8e53-5cd78eb62570/download"
92,"Interfacial bonding during multi-material FDM due to inter-molecular diffusion","Various",2018,"Materials & Design","Process physics","Experimental + theory","Multi-material","Fusion bonding mechanism via inter-molecular diffusion above Tg","https://www.sciencedirect.com/science/article/abs/pii/S0264127518302995"
93,"Printing orientation and interfacial mechanical design enable superior bonding in multimaterial AM","Various",2026,"npj Advanced Manufacturing","Process physics","Experimental","PLA/TPU","389% increase in interfacial toughness with on-edge orientation","https://www.nature.com/articles/s44334-026-00075-y"
94,"Multi-Material 3D Printing: The Relevance of Materials Affinity on the Boundary Interface Performance","Various",2018,"Additive Manufacturing","Process physics","Experimental","Multi-material","Material affinity and overlap distance effects on interface strength","https://www.sciencedirect.com/science/article/abs/pii/S2214860418301544"
95,"Physics-Informed Neural Networks in Polymers: A Review","Various",2025,"Polymers","PINN","Review","Polymers","Review of PINNs for polymer processing including extrusion and 3D printing","https://pmc.ncbi.nlm.nih.gov/articles/PMC12030369/"
96,"Physics-Informed Neural Networks for Thermal Modeling Transferable Across Paths, Print Parameters, and Beam Profiles","Various",2025,"Additive Manufacturing","PINN","Transferable PINN","AM materials","PINNs for transferable thermal modeling across printing conditions","https://www.sciencedirect.com/science/article/abs/pii/S2214860425004257"
97,"Physics-informed deep learning to quantify anomalies for real-time fault mitigation in 3D printing","Various",2024,"Applied Intelligence","PINN","Physics-informed DL","3D printing materials","Physics-informed deep learning for real-time anomaly quantification","https://doi.org/10.1007/s10489-024-05402-4"
98,"Accelerating Thermal Simulations in AM by Training PINNs With Randomly Synthesized Data","Various",2024,"JCISE","PINN","PINN + synthetic data","AM materials","Orders-of-magnitude speedup for thermal simulation via PINNs","https://doi.org/10.1115/1.4062828"
99,"Hybrid thermal modeling of AM using PINNs for temperature prediction and parameter identification","Various",2022,"Computational Mechanics","PINN","Hybrid PINN","AM materials","Hybrid physics-data approach for AM thermal field prediction","https://doi.org/10.1007/s00466-022-02257-9"
100,"Assessing capabilities of ChatGPT to improve additive manufacturing troubleshooting","Various",2023,"Additive Manufacturing Letters","LLM application","ChatGPT evaluation","Multiple","ChatGPT generates accurate printing profiles and troubleshooting advice","https://www.sciencedirect.com/science/article/pii/S2542504823000192"
101,"LLM-3D Print: Large Language Models To Monitor and Control 3D Printing","Various",2024,"arXiv","LLM application","LLM control","3D printing materials","LLMs for autonomous monitoring and control of 3D printing","https://arxiv.org/html/2408.14307v3"
102,"3D Printer Dataset for Mechanical Engineers","Fumetto",2023,"Kaggle","Dataset","Tabular dataset","Multiple","9 parameters, 3 quality measurements per product from Ultimaker S5","https://www.kaggle.com/datasets/afumetto/3dprinter"
103,"3D printing process dataset","Batalha",2024,"Kaggle","Dataset","Extrusion dataset","Multiple","Full extruded dataset for ML-based process analysis","https://www.kaggle.com/datasets/marcelobatalhah/full-extruded-dataset"
104,"Additive Manufacturing Machine Learning Dataset","APMonitor",2023,"APMonitor","Dataset","Tabular dataset","PLA/ABS","Combined PLA+ABS dataset with 116 samples for ML benchmarking","https://apmonitor.com/pds/index.php/Main/AdditiveManufacturing"
105,"Machine Learning in 3D and 4D Printing of Polymer Composites: A Review","Various",2024,"Polymers","ML review","Review","Polymer composites","Review of ML across optimization, monitoring, and property prediction","https://www.mdpi.com/2073-4360/16/22/3125"
106,"Current Applications of Machine Learning in AM: Review on Challenges and Future Trends","Various",2024,"Archives of Computational Methods in Engineering","ML review","Review","AM materials","528 ML-related AM publications over 10 years analyzed","https://doi.org/10.1007/s11831-024-10215-2"
107,"A review of ML and XAI methods in additive manufacturing","Various",2024,"Results in Engineering","ML review","Review + XAI","AM materials","Review combining ML methods with explainable AI for AM","https://www.sciencedirect.com/science/article/pii/S235249282402275X"
108,"Progress and Opportunities for ML in Materials and Processes of AM","Ng et al.",2024,"Advanced Materials","ML review","Review","AM materials","Comprehensive review in high-impact journal of ML opportunities in AM","https://doi.org/10.1002/adma.202310006"
109,"Use of Machine Learning to Improve Additive Manufacturing Processes","Various",2024,"Applied Sciences","ML review","Review","AM materials","Practical review of ML applications for AM process improvement","https://www.mdpi.com/2076-3417/14/15/6730"
110,"Additive Manufacturing Modification by AI, ML, and Deep Learning: A Review","Various",2025,"Smart Manufacturing","ML review","Review","AM materials","Review covering AI/ML/DL integration across AM modalities","https://www.sciencedirect.com/science/article/pii/S2950431725000085"
111,"Impact of Elevated Printing Speeds and Filament Color on Dimensional Precision and Tensile Properties of FDM-Printed PLA","Various",2025,"Polymers","Parameter effects","Experimental","PLA","Optimal speed 300mm/s for dimensional accuracy and tensile strength balance","https://pmc.ncbi.nlm.nih.gov/articles/PMC12349424/"
112,"Effect of print speed and extrusion temperature on properties of 3D printed PLA using FDM","Various",2021,"Materials Today: Proceedings","Parameter effects","Experimental","PLA","Higher infill and lower speed strongly associated with improved tensile strength","https://www.sciencedirect.com/science/article/abs/pii/S2214785321011998"
113,"Optimization of 3D Printing Nozzle Parameters and Optimal Combination for Engineering Plastics with High Melting Points","Various",2025,"PMC","Parameter effects","Experimental + optimization","Engineering plastics","Nozzle parameter optimization for high-Tm large-CTE plastics","https://pmc.ncbi.nlm.nih.gov/articles/PMC11818178/"
114,"Autonomous in-situ defect detection and correction in additive-lathe 3D printing using variational autoencoder model","Various",2024,"Additive Manufacturing","Defect detection","VAE","AM materials","Variational autoencoder for autonomous defect detection and correction","https://www.sciencedirect.com/science/article/abs/pii/S221486042400681X"
115,"3D Design Using Generative Adversarial Networks and Physics-Based Validation","Various",2020,"ASME J. Mechanical Design","Generative models","GAN + physics","3D designs","GAN generates manufacturable designs validated via physics simulation","https://doi.org/10.1115/1.4045780"
116,"Active learning in materials science with emphasis on adaptive sampling using uncertainties","Various",2019,"npj Computational Materials","Active learning","Active learning + BO","Materials","Active learning outperforms random sampling with 20 new samples","https://www.nature.com/articles/s41524-019-0153-8"
117,"A recent review on advancements in dimensional accuracy in FDM","Various",2024,"AIMS Materials Science","Parameter effects","Review","FDM materials","Review of dimensional accuracy challenges and solutions in FDM","https://www.aimspress.com/aimspress-data/aimsmates/2024/5/PDF/matersci-11-05-046.pdf"
118,"Open source computer vision-based layer-wise 3D printing analysis","Various",2020,"Additive Manufacturing","Process monitoring","Computer vision","FDM materials","Open-source layer-by-layer visual analysis system for FDM","https://www.sciencedirect.com/science/article/abs/pii/S2214860420308459"
119,"Data-Driven 3D-Printed Material Data Prediction From Benchmark Specimens","Various",2025,"JCISE","ML prediction","Data-driven prediction","3D printing materials","Material property prediction from standardized benchmark specimens","https://doi.org/10.1115/1.4067722"
120,"Multi-Parameter Optimization of 3D Printing for Enhanced Quality and Strength","Various",2022,"PMC","Multi-objective optimization","Multi-parameter optimization","FDM materials","Systematic multi-parameter optimization framework for FDM quality","https://pmc.ncbi.nlm.nih.gov/articles/PMC9030841/"
121,"Additive Manufacturing Technologies: 3D Printing, Rapid Prototyping, and Direct Digital Manufacturing (3rd ed.)","Gibson, Rosen, Stucker, Khademhosseini",2021,"Springer","textbook","Textbook","Multiple","Definitive AM textbook covering material extrusion, photopolymerization, powder bed fusion, and process fundamentals","https://doi.org/10.1007/978-3-030-56127-7"
122,"Rapid Prototyping: Principles and Applications (3rd ed.)","Chua, Leong, Lim",2010,"World Scientific","textbook","Textbook","Multiple","Classic textbook covering rapid prototyping process physics including FDM","https://doi.org/10.1142/6665"
123,"Understanding Additive Manufacturing: Rapid Prototyping, Rapid Tooling, Rapid Manufacturing","Gebhardt",2011,"Hanser Publishers","textbook","Textbook","Multiple","Textbook on AM fundamentals with process parameter discussions","https://doi.org/10.3139/9783446431621"
124,"3D Printing and Additive Manufacturing: Principles and Applications (5th ed.)","Chua, Leong",2017,"World Scientific","textbook","Textbook","Multiple","Comprehensive AM textbook with process, material, and design chapters","https://doi.org/10.1142/10200"
125,"Polymer Processing: Principles and Design (2nd ed.)","Baird, Collias",2014,"Wiley","textbook","Textbook","Polymers","Fundamentals of polymer melt extrusion physics underlying FDM","https://www.wiley.com/en-us/9780470426012"
126,"ASTM F2792-12a Standard Terminology for Additive Manufacturing Technologies","ASTM International",2012,"ASTM","standard","Standard terminology","AM materials","Establishes the 7 AM process categories including material extrusion (ME/FDM/FFF)","https://doi.org/10.1520/F2792-12A"
127,"ISO/ASTM 52900:2021 Additive manufacturing - General principles - Fundamentals and vocabulary","ISO/ASTM",2021,"ISO","standard","Standard terminology","AM materials","International standard defining AM terminology, process categories, and reference frames","https://www.iso.org/standard/74514.html"
128,"ASTM D638-14 Standard Test Method for Tensile Properties of Plastics","ASTM International",2014,"ASTM","standard","Test method","Plastics","Standard dog-bone specimen geometry and test procedure for tensile properties of plastics including 3D-printed parts","https://doi.org/10.1520/D0638-14"
129,"ASTM D790-17 Standard Test Methods for Flexural Properties of Unreinforced and Reinforced Plastics","ASTM International",2017,"ASTM","standard","Test method","Plastics","Three-point bending test standard widely used for FDM flexural characterization","https://doi.org/10.1520/D0790-17"
130,"ASTM D256-10 Standard Test Methods for Determining the Izod Pendulum Impact Resistance of Plastics","ASTM International",2018,"ASTM","standard","Test method","Plastics","Izod impact test standard for FDM parts","https://doi.org/10.1520/D0256-10R18"
131,"ISO 527-2:2012 Plastics - Determination of tensile properties - Part 2: Test conditions for moulding and extrusion plastics","ISO",2012,"ISO","standard","Test method","Plastics","International equivalent of ASTM D638 for tensile testing of plastics","https://www.iso.org/standard/56046.html"
132,"Anisotropic material properties of fused deposition modeling ABS","Ahn, Montero, Odell, Roundy, Wright",2002,"Rapid Prototyping Journal","seminal","Experimental","ABS","Seminal paper establishing FDM anisotropy: raster angle and air gap effects on tensile strength","https://doi.org/10.1108/13552540210441166"
133,"Effect of processing conditions on the bonding quality of FDM polymer filaments","Sun, Rizvi, Bellehumeur, Gu",2008,"Rapid Prototyping Journal","seminal","Experimental + modeling","ABS","Seminal work on thermal history and bond formation kinetics in FDM (the 'Sun model')","https://doi.org/10.1108/13552540810862028"
134,"Quantification of fused deposition modeling process parameters using Taguchi method","Sood, Ohdar, Mahapatra",2009,"Materials and Design","seminal","Taguchi DOE","ABS","Widely cited Taguchi study on layer thickness, orientation, raster angle, raster width, air gap effects","https://doi.org/10.1016/j.matdes.2009.06.016"
135,"Experimental investigation and empirical modelling of FDM process for compressive strength improvement","Sood, Ohdar, Mahapatra",2012,"J. Advanced Research","seminal","ANN + GA","ABS","Early ANN+GA approach for compressive strength optimization - template for many subsequent studies","https://doi.org/10.1016/j.jare.2011.05.007"
136,"Parametric appraisal of mechanical property of fused deposition modelling processed parts","Sood, Ohdar, Mahapatra",2010,"Materials and Design","seminal","Experimental","ABS","Foundational multi-response optimization of FDM mechanical properties","https://doi.org/10.1016/j.matdes.2009.06.016"
137,"Measurement of anisotropic compressive strength of rapid prototyping parts","Lee, Abdullah, Khan",2005,"J. Materials Processing Technology","seminal","Experimental","ABS","Early documentation of FDM anisotropy under compressive loading","https://doi.org/10.1016/j.jmatprotec.2005.02.259"
138,"Mechanical characterization of parts fabricated using fused deposition modeling","Bellini, Guceri",2003,"Rapid Prototyping Journal","seminal","Experimental","ABS","Foundational mechanical characterization of FDM parts - widely cited","https://doi.org/10.1108/13552540310489631"
139,"A review on the fused deposition modeling (FDM) 3D printing: Filament processing, materials, and printing parameters","Mohamed, Masood, Bhowmik",2015,"Advances in Production Engineering and Management","review","Review","FDM materials","Highly cited review of FDM materials and parameters; a standard reference for the field","https://doi.org/10.14743/apem2015.1.188"
140,"Additive manufacturing of polymer-based composites using fused filament fabrication (FFF): a review","Penumakala, Santo, Thomas",2020,"Composites Part B: Engineering","review","Review","Polymer composites","Comprehensive review of FFF for polymer composites including processing-structure-property relationships","https://doi.org/10.1016/j.compositesb.2020.108336"
141,"Infill geometry and mechanical property of FDM parts: Review","Dev, Srivastava",2023,"Rapid Prototyping Journal","review","Review","FDM materials","Review of infill pattern effects on mechanical properties - direct reference for infill optimization","https://doi.org/10.1108/RPJ-07-2022-0232"
142,"Optimization of fused deposition modeling process parameters: a review of current research and future prospects","Dey, Yodo",2019,"Additive Manufacturing","review","Review","FDM materials","Systematic review of FDM parameter optimization techniques and gaps","https://doi.org/10.3390/jmmp3030064"
143,"A review on effect of preprocess parameters on mechanical characteristics of fused deposition modeling","Dey, Yodo",2019,"J. Manufacturing and Materials Processing","review","Review","FDM materials","Review catalogue of parameter-property relationships used as starting point for many ML studies","https://doi.org/10.3390/jmmp3030064"
144,"Parametric analysis of the effects of process parameters on FDM printed parts","Rayegani, Onwubolu",2014,"Int. J. Advanced Manufacturing Technology","seminal","Group method data handling + DE","ABS","Early use of differential evolution for FDM parameter optimization","https://doi.org/10.1007/s00170-014-5835-2"
145,"Influence of layer thickness and raster angle on the mechanical properties of 3D-printed PEEK and a comparative mechanical study between PEEK and ABS","Wu, Geng, Li, Zhao, Tang, Ye",2015,"Materials","seminal","Experimental","PEEK, ABS","First systematic comparison of high-performance PEEK vs ABS under FDM process parameters","https://doi.org/10.3390/ma8095271"
