id,title,authors,year,venue,url,category,relevance
P001,"Power System Stability and Control",Kundur P.,1994,McGraw-Hill,https://doi.org/10.1049/ep.1994.0319,textbook,Canonical reference for all power system stability phenomena
P002,"Power System Dynamics: Stability and Control",Machowski J. Bialek J. Bumby J.,2020,Wiley,https://doi.org/10.1002/9781119526346,textbook,Modern comprehensive treatment of electromechanical dynamics
P003,"Renewable Energy: Physics Engineering and Policy",Boyle G.,2012,Oxford University Press,https://global.oup.com/academic/product/9780199545339,textbook,Fundamentals of wind and solar generation physics
P004,"Electric Power Systems",Weedy B. Cory B. Jenkins N. Ekanayake J. Strbac G.,2012,Wiley,https://doi.org/10.1002/9781118361085,textbook,Standard UK/European power systems textbook
P005,"Power Electronics: Converters Applications and Design",Mohan N. Undeland T. Robbins W.,2003,Wiley,https://www.wiley.com/en-us/9780471226932,textbook,Reference for inverter control theory
P006,"Convex Optimization",Boyd S. Vandenberghe L.,2004,Cambridge University Press,https://web.stanford.edu/~boyd/cvvxbook/,textbook,Optimization foundations for OPF problems
P007,"Power System Analysis and Design",Glover J. Sarma M. Overbye T.,2017,Cengage,https://www.cengage.com/c/power-system-analysis-and-design-6e-glover/,textbook,Standard US power systems textbook including N-1 analysis
P008,"Grid-Forming Converters: State of the Art and Future Directions",Rosso R. Wang X. Liserre M. Lu X. Engelken S.,2021,IEEE Journal of Emerging and Selected Topics in Power Electronics,https://doi.org/10.1109/JESTPE.2021.3062949,review,Comprehensive review of grid-forming vs grid-following inverter control
P009,"A Review of Virtual Inertia Techniques for Renewable Energy-Based Power Systems",Fernandez-Guillimon A. Gomez-Lazaro E. Muljadi E. Molina-Garcia A.,2019,Renewable and Sustainable Energy Reviews,https://doi.org/10.1016/j.rser.2018.09.029,review,Synthetic inertia methods survey
P010,"Cascading Failure in Complex Networks",Buldyrev S. Parshani R. Paul G. Stanley H. Havlin S.,2010,Nature,https://doi.org/10.1038/nature08932,review,Foundational paper on interdependent network cascading failure theory
P011,"Power System Frequency Stability and Control: Survey of Literature and Industrial Practices",Eto J. et al.,2018,Lawrence Berkeley National Laboratory,https://doi.org/10.2172/1465978,review,DOE-funded comprehensive survey of frequency stability practices
P012,"Review of Voltage Stability Indices",Modarresi J. Gholipour E. Khodabakhshian A.,2016,Renewable and Sustainable Energy Reviews,https://doi.org/10.1016/j.rser.2016.01.016,review,Survey of all major voltage stability indices with comparison
P013,"A Survey on Cascading Failures in Power Systems",Vaiman M. et al.,2012,IEEE Transactions on Power Systems,https://doi.org/10.1109/TPWRS.2011.2169818,review,Foundational survey of cascading failure mechanisms in grids
P014,"Frequency Stability of Power Systems with High Penetrations of Renewables",Milano F. Dorfler F. Hug G. Hill D. Verbic G.,2018,Proceedings of the IEEE,https://doi.org/10.1109/JPROC.2018.2837880,review,Key review linking renewable penetration to frequency stability decline
P015,"Review of Challenges and Research Opportunities for Voltage Control in Smart Grids",Antoniadou-Plytaria K. Kouveliotis-Lysikatos I. Hatziargyriou N.,2017,IEEE Transactions on Smart Grid,https://doi.org/10.1109/TSG.2016.2597677,review,Voltage control challenges with distributed generation
P016,"System Strength and Security of Supply in High-Renewable Power Systems: A Review",Kenyon R. Bialek J.,2020,IEEE Access,https://doi.org/10.1109/ACCESS.2020.3040244,review,System strength metrics and minimum requirements
P017,"Review of System Strength and Short Circuit Ratio Definitions for Inverter-Based Resources",NERC,2023,NERC Technical Report,https://www.nerc.com/comm/RSTC/Pages/default.aspx,review,North American industry definitions of SCR and system strength
P018,"The 2003 Italian Blackout: System Restoration and Assessment of the Events",Berizzi A.,2004,IEEE Power Engineering Society General Meeting,https://doi.org/10.1109/PES.2004.1373131,historical_blackout,Canonical technical analysis of 2003 Italy blackout
P019,"Final Report of the Investigation Committee on the 28 September 2003 Blackout in Italy",UCTE,2004,UCTE Investigation Report,https://www.entsoe.eu/,historical_blackout,Full UCTE investigation including cascade sequence
P020,"Final Report on the August 14 2003 Blackout in the United States and Canada",US-Canada Power System Outage Task Force,2004,Government Report,https://www.energy.gov/oe/downloads/blackout-2003-final-report,historical_blackout,Canonical 2003 US-Canada blackout analysis
P021,"The 2006 European Blackout: From Grid Splitting to Restoration",UCTE,2007,UCTE Final Report,https://www.entsoe.eu/,historical_blackout,Analysis of November 2006 European frequency split
P022,"9 August 2019 Power Outage Report",Ofgem,2020,Ofgem Investigation Report,https://www.ofgem.gov.uk/publications/investigation-9-august-2019-power-outage,historical_blackout,UK blackout from generator trips revealing inverter vulnerabilities
P023,"Review of the February 2021 Electricity Crisis in Texas",Busby J. et al.,2021,Joule,https://doi.org/10.1016/j.joule.2021.03.021,historical_blackout,Analysis of Texas winter storm Uri grid collapse
P024,"The Iberian Blackout and Frequency Stability in Power Systems with High Renewable Energy Source Penetration",Thlon M. Brozek P.,2025,SSRN,https://papers.ssrn.com/sol3/papers.cfm?abstract_id=5285068,iberian_blackout,Early academic analysis of 28 April 2025 Iberian blackout
P025,"ENTSO-E Expert Panel Final Report on the 28 April 2025 Iberian Peninsula Blackout",ENTSO-E,2026,ENTSO-E Publication,https://www.entsoe.eu/publications/blackout/28-april-2025-iberian-blackout/,iberian_blackout,Canonical 440-page investigation identifying systemic failures
P026,"Interim Report on the Iberian Peninsula Power System Disturbance of 28 April 2025",ENTSO-E,2025,ENTSO-E Publication,https://www.entsoe.eu/news/2025/07/30/entso-e-publishes-interim-report-on-iberian-power-system-separation-of-28-april-2025/,iberian_blackout,First official technical analysis of the cascade sequence
P027,"System Non-Synchronous Penetration: Definition and Experience",EirGrid SONI,2014,EirGrid Technical Report,https://www.eirgridgroup.com/site-files/library/EirGrid/SNSP-Formula.pdf,frequency_stability,Defines the SNSP metric used by Irish grid operator
P028,"Rate of Change of Frequency (RoCoF) Review of TSO and Generator Recommendations",AEMO,2017,AEMO Report,https://www.aemo.com.au/-/media/files/electricity/nem/security_and_reliability/rocof/rocof-review.pdf,frequency_stability,Australian system operator RoCoF analysis and thresholds
P029,"Frequency Response and Inertia of the European Power System under the ENTSO-E Continental Europe Synchronous Area",ENTSO-E,2019,ENTSO-E Technical Report,https://www.entsoe.eu/,frequency_stability,Pan-European inertia and frequency response measurements
P030,"Impact of Low Rotational Inertia on Power System Stability and Operation",Tielens P. Van Hertem D.,2016,Renewable and Sustainable Energy Reviews,https://doi.org/10.1016/j.rser.2016.07.010,frequency_stability,Quantitative analysis of how declining inertia affects stability
P031,"Frequency Stability Evaluation Criteria for the Synchronous Zone of Continental Europe",Weissbach T. Welfonder E.,2009,European Transactions on Electrical Power,https://doi.org/10.1002/etep.328,frequency_stability,Defines frequency quality metrics for Continental Europe
P032,"Under-Frequency Load Shedding: An Overview",Gu W. Liu W. Zhu J. Zhao B.,2010,IEEE Transactions on Power Delivery,https://doi.org/10.1109/TPWRD.2009.2038700,frequency_stability,UFLS schemes theory and practice
P033,"Challenges of Operating High-Share Renewable Energy Systems",Denholm P. Mai T. Kenyon R. Kroposki B.,2021,NREL Technical Report,https://doi.org/10.2172/1785959,renewable_integration,NREL analysis of integration challenges at 50-100% RE
P034,"Integration of Large-Scale Renewable Energy into Bulk Power Systems",Ackermann T. et al.,2017,Springer,https://doi.org/10.1007/978-3-319-55581-2,renewable_integration,Engineering handbook for large-scale RE grid integration
P035,"Operating a Power System at Very High Penetrations of Variable Renewable Energy",Bird L. Lew D. Milligan M. et al.,2016,IEEE Power and Energy Magazine,https://doi.org/10.1109/MPE.2016.2573543,renewable_integration,Practical operational experience at high RE shares
P036,"Towards 100% Renewable Energy: Challenges and Strategies",Jacobson M. Delucchi M. et al.,2017,Joule,https://doi.org/10.1016/j.joule.2017.07.005,renewable_integration,100% RE system design proposals and critiques
P037,"Minimum Synchronous Inertia Requirements in Power Systems with High Renewable Penetration",Daly P. Flynn D. Cunniffe N.,2015,IEEE Power & Energy Society General Meeting,https://doi.org/10.1109/PESGM.2015.7286477,frequency_stability,Quantitative inertia requirements derivation
P038,"System Strength in the NEM Explained",AEMO,2020,AEMO Technical Report,https://www.aemo.com.au/-/media/files/electricity/nem/system-strength-explained.pdf,system_strength,Australian definition and measurement of system strength
P039,"Short Circuit Ratio for Multi-Infeed HVDC Systems",Xiao H. Li Y. Lan J. Yang B.,2021,IEEE Transactions on Power Delivery,https://doi.org/10.1109/TPWRD.2020.3023421,system_strength,Multi-infeed SCR calculation methods
P040,"Voltage Stability Analysis of Grids Connected to Wind Power Generation: A Review",Vittal E. O'Malley M. Keane A.,2010,Renewable and Sustainable Energy Reviews,https://doi.org/10.1016/j.rser.2010.03.037,voltage_stability,How wind generation affects voltage stability margins
P041,"Voltage Collapse: A Survey of Theory Methods and Industrial Practice",Van Cutsem T. Vournas C.,1998,IEEE Proceedings,https://doi.org/10.1109/5.736837,voltage_stability,Classic survey of voltage collapse mechanisms
P042,"PyPSA: Python for Power System Analysis",Brown T. Horsch J. Schlachtberger D.,2018,Journal of Open Research Software,https://doi.org/10.5334/jors.188,methods,Core paper for PyPSA framework
P043,"PyPSA-Eur: An Open Optimisation Model of the European Transmission System",Horsch J. Hofmann F. Schlachtberger D. Brown T.,2018,Energy Strategy Reviews,https://doi.org/10.1016/j.esr.2018.08.012,methods,European grid model built on PyPSA
P044,"Optimal Power Flow: An Introduction",Frank S. Steponavice I. Rebennack S.,2012,Energy Systems,https://doi.org/10.1007/s12667-012-0056-z,methods,Survey of OPF formulations and solution methods
P045,"Security-Constrained Optimal Power Flow: A Review",Capitanescu F.,2016,European Journal of Operational Research,https://doi.org/10.1016/j.ejor.2015.09.007,methods,SCOPF formulations for N-1 contingency
P046,"Machine Learning for Power System Stability Assessment: A Comprehensive Review",Zhang Y. et al.,2021,IEEE Transactions on Power Systems,https://doi.org/10.1109/TPWRS.2020.3042505,ml_power,Survey of ML approaches to stability assessment
P047,"Real-Time Stability Assessment in Modern Power System Control Centers",Makarov Y. et al.,2012,IEEE Transactions on Power Systems,https://doi.org/10.1109/TPWRS.2012.2208253,ml_power,Operational real-time stability screening methods
P048,"Data-Driven Prediction of Power System Frequency",Kruse J. Schafer B. Witthaut D.,2021,IEEE Access,https://doi.org/10.1109/ACCESS.2021.3107886,ml_power,ML prediction of frequency dynamics from grid state
P049,"Deep Learning for Power System Security Assessment",Duchesne L. Karangelos E. Wehenkel L.,2020,Electric Power Systems Research,https://doi.org/10.1016/j.epsr.2019.106030,ml_power,Deep learning approaches to dynamic security
P050,"Predicting Power System Instability through Early Warning Signals",Podolsky I. et al.,2021,Nature Communications,https://doi.org/10.1038/s41467-021-26603-0,ml_power,Critical slowing down as early warning for grid collapse
P051,"A Taxonomy of Cascading Failures in Power Systems",Papic M. et al.,2011,IEEE PES General Meeting,https://doi.org/10.1109/PES.2011.6039283,cascading_failure,Classification of cascade mechanisms
P052,"Influence Graphs for Cascading Failure Analysis of Power Grids",Nakarmi U. Rahnamay-Naeini M.,2020,IEEE Transactions on Power Systems,https://doi.org/10.1109/TPWRS.2019.2948083,cascading_failure,Graph-based cascade propagation analysis
P053,"Cascading Failures in Power Grids: Analysis and Algorithms",Soltan S. Mazauric D. Zussman G.,2017,ACM SIGMETRICS,https://doi.org/10.1145/3078505.3078540,cascading_failure,Algorithms for cascade prediction
P054,"Hidden Failures: A Major Threat to Grid Reliability",Chen J. Thorp J. Dobson I.,2005,IEEE Power and Energy Magazine,https://doi.org/10.1109/MPAE.2005.1405870,cascading_failure,Hidden protection failures amplifying cascades
P055,"Branching Process Models for the Exponentially Increasing Portions of Cascading Failure Blackouts",Dobson I. Carreras B. Newman D.,2005,Proceedings of the 38th Hawaii International Conference on System Sciences,https://doi.org/10.1109/HICSS.2005.14,cascading_failure,Stochastic cascade models
P056,"Risk Assessment of Cascading Outages: Methodologies and Challenges",Kirschen D. Jayaweera D.,2004,IEEE Transactions on Power Systems,https://doi.org/10.1109/TPWRS.2004.825919,cascading_failure,Risk assessment frameworks for cascading outages
P057,"OPA: An Agent-Based Model for Power Grid Cascading Failure Analysis",Carreras B. Lynch V. Dobson I. Newman D.,2004,IEEE Transactions on Power Systems,https://doi.org/10.1109/TPWRS.2004.825918,cascading_failure,OPA cascade simulation model
P058,"Complex Systems Analysis of Series of Blackouts: Cascading Failure Critical Points and Self-Organization",Dobson I. Carreras B. Lynch V. Newman D.,2007,Chaos,https://doi.org/10.1063/1.2737822,cascading_failure,Self-organized criticality in power grid blackouts
P059,"Investigation of the Turkish Blackout on 31 March 2015",ENTSO-E,2015,ENTSO-E Investigation Report,https://www.entsoe.eu/,historical_blackout,Another European blackout with renewable-related aspects
P060,"System Disturbance on 4 November 2006: Final Report",UCTE,2007,UCTE Report,https://www.entsoe.eu/,historical_blackout,4 November 2006 European frequency split detailed timeline
P061,"South Australian Blackout of 28 September 2016: Third Preliminary Report",AEMO,2017,AEMO Report,https://www.aemo.com.au/energy-systems/electricity/national-electricity-market-nem/nem-events-and-reports,historical_blackout,Inverter-dominated grid failure in South Australia
P062,"Fault Ride-Through Requirements and Grid Code Compliance of Inverter-Based Resources",NERC,2022,NERC Reliability Guideline,https://www.nerc.com/comm/RSTC/Pages/default.aspx,inverter_control,Inverter fault ride-through standards
P063,"Grid-Following Inverters and Synchronous Condensers: The Role of Conventional Plant During the Energy Transition",Pagnani D. et al.,2020,Energies,https://doi.org/10.3390/en13184022,inverter_control,Role of synchronous condensers in inverter-dominated grids
P064,"Virtual Synchronous Generator: A Comprehensive Overview",Beck H. Hesse R.,2007,VDE Congress,https://doi.org/10.1109/ISIE.2007.4374678,inverter_control,Virtual synchronous generator concept
P065,"Droop Control: A Method for Parallel Operation of Inverters",Guerrero J. et al.,2004,IEEE Transactions on Industrial Electronics,https://doi.org/10.1109/TIE.2004.840167,inverter_control,Foundation paper for inverter droop control
P066,"Generic Models and Model Validation for Wind and Solar PV Generation",WECC,2014,WECC Report,https://www.wecc.org/Reliability/GenericModelDocumentation.pdf,methods,Standard dynamic simulation models for renewables
P067,"Definition and Classification of Power System Stability",Kundur P. et al.,2004,IEEE Transactions on Power Systems,https://doi.org/10.1109/TPWRS.2004.825981,frequency_stability,IEEE/CIGRE joint task force stability definitions
P068,"Experience with Provision of Synthetic Inertia from Wind Power",EirGrid SONI,2015,EirGrid SONI Consultation,https://www.eirgridgroup.com/,frequency_stability,Irish operational experience with synthetic inertia
P069,"Inertia Estimation of the GB Power System Using Synchrophasor Measurements",Ashton P. Taylor G. Irving M. Carter A. Bradley M.,2015,IEEE Transactions on Power Systems,https://doi.org/10.1109/TPWRS.2014.2333776,frequency_stability,Real-time inertia estimation from PMU data
P070,"Renewable Energy Sources in the Spanish Electricity Market: A Review",Ciarreta A. Gutierrez-Hita C. Nasirov S.,2011,Renewable and Sustainable Energy Reviews,https://doi.org/10.1016/j.rser.2011.07.150,iberian_context,Spanish electricity market structure and RE evolution
P071,"The Spanish Power System: Status and Future Trends",REE,2024,Red Electrica Annual Report,https://www.ree.es/en/datos/publications,iberian_context,Latest REE overview of Spanish grid structure
P072,"Portuguese Power System and the Role of Renewables",REN,2024,REN Annual Report,https://www.ren.pt/en/what-we-do/electricity/market-data,iberian_context,Portuguese grid operator system overview
P073,"Interconnection Capacity Between Spain and France: Planning and Challenges",ENTSO-E,2022,TYNDP Report,https://tyndp.entsoe.eu/,iberian_context,Spain-France interconnection capacity analysis
P074,"The Role of Battery Energy Storage in Low-Inertia Power Systems",Fang J. Li H. Tang Y. Blaabjerg F.,2019,IEEE Transactions on Power Systems,https://doi.org/10.1109/TPWRS.2019.2929975,energy_storage,Battery storage for inertia provision
P075,"Wind Turbine Clustering and Curtailment Control",Gu M. et al.,2018,Renewable Energy,https://doi.org/10.1016/j.renene.2018.03.048,renewable_integration,Wind curtailment strategies affecting grid stability
P076,"Impact of Solar PV on Voltage Regulation in Distribution Networks",Tonkoski R. Lopes L. El-Fouly T.,2012,IEEE Transactions on Sustainable Energy,https://doi.org/10.1109/TSTE.2012.2195169,voltage_stability,Solar PV voltage regulation impacts
P077,"Reactive Power Management of Power Networks with Wind Generation",Meegahapola L. Flynn D. Kennedy J.,2011,Springer,https://doi.org/10.1007/978-1-4614-1385-4,voltage_stability,Reactive power management with wind generation
P078,"N-1 Security Constrained Unit Commitment with Corrective Actions",Fu Y. Shahidehpour M.,2009,IEEE Transactions on Power Systems,https://doi.org/10.1109/TPWRS.2008.2008133,methods,N-1 contingency in commitment optimization
P079,"Online Assessment of Voltage Stability",Ajjarapu V. Christy C.,1992,IEEE Transactions on Power Systems,https://doi.org/10.1109/59.141711,voltage_stability,Continuation power flow for voltage stability
P080,"Modal Analysis for Voltage Stability",Gao B. Morison G. Kundur P.,1992,IEEE Transactions on Power Systems,https://doi.org/10.1109/59.207377,voltage_stability,Eigenvalue-based voltage stability methods
P081,"An Energy Approach to Static Voltage Stability",Overbye T. DeMarco C.,1995,IEEE Transactions on Power Systems,https://doi.org/10.1109/59.387921,voltage_stability,Energy function methods for voltage stability
P082,"The Relationship Between Electricity Spot Prices and Grid Frequency",Schafer B. et al.,2018,Nature Energy,https://doi.org/10.1038/s41560-017-0058-z,frequency_stability,Empirical frequency-price relationship in European grids
P083,"Frequency Fluctuations in Power Grids: A Stochastic Approach",Anvari M. et al.,2016,Scientific Reports,https://doi.org/10.1038/srep35978,frequency_stability,Stochastic frequency dynamics modelling
P084,"Non-Gaussian Power Grid Frequency Fluctuations Characterized by Levy-Stable Laws and Superstatistics",Schafer B. et al.,2018,Nature Energy,https://doi.org/10.1038/s41560-017-0058-z,frequency_stability,Statistical characterization of frequency fluctuations
P085,"Analysis of the Continental European Power System Frequency During the 4 November 2006 Disturbance",Weissbach T.,2009,European Transactions on Electrical Power,https://doi.org/10.1002/etep.328,historical_blackout,Frequency dynamics during 2006 European split
P086,"The Statistical Physics of Power Grids: Modelling and Analysis",Witthaut D. et al.,2022,Reviews of Modern Physics,https://doi.org/10.1103/RevModPhys.94.015005,methods,Statistical physics approaches to power grid analysis
P087,"Microgrids: Architecture and Control",Olivares D. et al.,2014,IEEE Transactions on Smart Grid,https://doi.org/10.1109/TSG.2013.2294402,renewable_integration,Microgrid concepts relevant to grid islanding
P088,"Impact of Distributed Generation on Power System Transient Stability",Khatod D. Pant V. Sharma J.,2010,International Journal of Electrical Power and Energy Systems,https://doi.org/10.1016/j.ijepes.2009.12.005,renewable_integration,DG effects on transient stability margins
P089,"The Role of HVDC in Managing Future European Power Systems",Van Hertem D. Ghandhari M.,2010,IEEE Transactions on Power Systems,https://doi.org/10.1109/TPWRS.2010.2042753,iberian_context,HVDC interconnector role in European system
P090,"Generation Adequacy and Firm Capacity in a System with a High Renewable Share",Keane A. et al.,2011,IEEE Transactions on Power Systems,https://doi.org/10.1109/TPWRS.2011.2164944,renewable_integration,Adequacy and firm capacity with high renewables
P091,"Critical Slowing Down as Early Warning for the Onset and Termination of Depression",Wichers M. et al.,2016,Proceedings of the National Academy of Sciences,https://doi.org/10.1073/pnas.1312114110,cross_domain,Critical slowing down theory applicable to grid dynamics
P092,"Anticipating Critical Transitions",Scheffer M. et al.,2012,Science,https://doi.org/10.1126/science.1225244,cross_domain,Generic early warning signals for complex system transitions
P093,"Early-Warning Signals for Critical Transitions",Scheffer M. et al.,2009,Nature,https://doi.org/10.1038/nature08227,cross_domain,Foundational paper on early warning signals in complex systems
P094,"XGBoost: A Scalable Tree Boosting System",Chen T. Guestrin C.,2016,Proceedings of the 22nd ACM SIGKDD,https://doi.org/10.1145/2939672.2939785,methods,XGBoost method paper
P095,"LightGBM: A Highly Efficient Gradient Boosting Decision Tree",Ke G. et al.,2017,NeurIPS,https://papers.nips.cc/paper/2017/hash/6449f44a102fde848669bdd9eb6b76fa,methods,LightGBM method paper
P096,"Extremely Randomized Trees",Geurts P. Ernst D. Wehenkel L.,2006,Machine Learning,https://doi.org/10.1007/s10994-006-6226-1,methods,ExtraTrees method paper
P097,"Power System Protection: Principles and Practice",Anderson P.,1999,IEEE Press,https://doi.org/10.1109/9780470545584,textbook,Protection relay theory and coordination
P098,"Applied Predictive Modeling",Kuhn M. Johnson K.,2013,Springer,https://doi.org/10.1007/978-1-4614-6849-3,textbook,Practical ML workflow including cross-validation strategies
P099,"The Renewable Energy Transition in the European Power Sector: Status Barriers and Solutions",Hirth L.,2013,Applied Energy,https://doi.org/10.1016/j.apenergy.2013.04.048,renewable_integration,Market value of renewables declining with penetration
P100,"Provision of Frequency Reserves from Wind Power Plants",De Almeida R. Lopes J. Barreiros J.,2007,Proceedings of the IEEE PES General Meeting,https://doi.org/10.1109/PES.2007.386086,frequency_stability,Wind provision of frequency response
P101,"ENTSO-E Transparency Platform: Fundamentals",ENTSO-E,2023,ENTSO-E Documentation,https://transparency.entsoe.eu/content/static_content/Static%20content/knowledge%20base/knowledge-base.html,data_source,Documentation for ENTSO-E data platform
P102,"Network Code on Requirements for Grid Connection of Generators",ENTSO-E,2016,EU Regulation 2016/631,https://eur-lex.europa.eu/legal-content/EN/TXT/?uri=CELEX%3A32016R0631,regulation,EU grid connection code for generators
P103,"Network Code on High Voltage Direct Current Connections",ENTSO-E,2016,EU Regulation 2016/1447,https://eur-lex.europa.eu/legal-content/EN/TXT/?uri=CELEX%3A32016R1447,regulation,HVDC connection codes
P104,"ENTSO-E Continental Europe Operation Handbook",ENTSO-E,2019,ENTSO-E Operations,https://www.entsoe.eu/publications/system-operations-reports/operation-handbook/,regulation,Operational procedures for Continental Europe area
P105,"Estimating the Renewable Energy Potential in Africa",IRENA,2015,IRENA Report,https://www.irena.org/publications/2015/,cross_domain,Methods for renewable potential estimation transferable to Iberia
P106,"The Value of Forecasting",Morales J. et al.,2014,International Journal of Forecasting,https://doi.org/10.1016/j.ijforecast.2013.02.002,methods,Value of probabilistic forecasting for grid operations
P107,"Probabilistic Forecasting of Wind Power Generation Losses",Bessa R. et al.,2012,Renewable Energy,https://doi.org/10.1016/j.renene.2011.10.019,methods,Portuguese wind power forecasting methods
P108,"Operating Reserve Determination Considering Rapid Increase of Renewable Energy",Ela E. et al.,2013,NREL Technical Report,https://doi.org/10.2172/1080281,frequency_stability,Reserve sizing with high renewables
P109,"Power System Oscillations",Rogers G.,2000,Kluwer Academic,https://doi.org/10.1007/978-1-4615-4561-3,textbook,Inter-area oscillations theory and damping
P110,"Oscillation Detection and Classification in Power Systems Using Wide-Area Monitoring",Trudnowski D. et al.,2008,IEEE Transactions on Power Systems,https://doi.org/10.1109/TPWRS.2008.926426,frequency_stability,PMU-based oscillation detection
P111,"Sub-Synchronous Resonance in Power Systems: A Review",IEEE Committee,1992,IEEE Transactions on Power Systems,https://doi.org/10.1109/59.141717,frequency_stability,Sub-synchronous oscillation mechanisms
P112,"Subsynchronous Oscillation in Full Converter Wind Turbines",Fan L. Miao Z.,2012,IEEE Transactions on Power Systems,https://doi.org/10.1109/TPWRS.2012.2190290,inverter_control,Subsynchronous oscillations from inverter-based resources
P113,"The Spanish Electricity System 2024: Preliminary Report",REE,2025,REE Annual Report,https://www.ree.es/en/datos/publications,iberian_context,Spanish grid 2024 statistics and generation mix
P114,"Impacts of Frequency Support by Wind and Solar on Power System Dynamics",Daly P. Flynn D.,2017,Proceedings of the IEEE,https://doi.org/10.1109/PESGM.2017.8274596,frequency_stability,Dynamic impacts of RE frequency support
P115,"The 2019 Southeast Australian Heatwave and Grid Instability",AEMO,2019,AEMO Market Event Report,https://www.aemo.com.au/,historical_blackout,Australian heat-related grid instability
P116,"Weather-Dependent Failure Rates of Overhead Lines",Billinton R. Singh G.,2006,IEEE Transactions on Power Delivery,https://doi.org/10.1109/TPWRD.2006.876695,cascading_failure,Weather effects on line failure rates
P117,"Vulnerability Assessment of Large-Scale Power Systems Using Complex Network Theory",Albert R. Albert I. Nakarado G.,2004,Physical Review E,https://doi.org/10.1103/PhysRevE.69.025103,cascading_failure,Network topology vulnerability of power grids
P118,"Cross-Border Electricity Trade and Climate Policy",Keppler J. Cometto M.,2005,IEA/NEA,https://www.iea.org/reports,iberian_context,Cross-border trade mechanics relevant to Spain-France flows
P119,"Synthetic Inertia: A Review of Wind and Solar PV Capabilities",Dreidy M. Mokhlis H. Mekhilef S.,2017,Renewable and Sustainable Energy Reviews,https://doi.org/10.1016/j.rser.2017.01.060,inverter_control,Comprehensive synthetic inertia review
P120,"Frequency-Sensitive Wind Plant Active Power Control",Clark K. Miller N. Sanchez-Gasca J.,2010,IEEE PES General Meeting,https://doi.org/10.1109/PES.2010.5589611,frequency_stability,GE wind turbine frequency response implementation
P121,"Dynamic Stability Analysis of Autonomous and Interconnected Power Systems",Chow J.,2013,Wiley-IEEE Press,https://doi.org/10.1002/9781118516058,textbook,Advanced dynamic stability theory
P122,"Comparative Analysis of Time-Series Cross-Validation Methods for Machine Learning",Bergmeir C. Benitez J.,2012,Information Sciences,https://doi.org/10.1016/j.ins.2011.12.028,methods,Time-series cross-validation approaches
P123,"Line Stability Index FVSI for Dynamic Voltage Stability Analysis",Musirin I. Abdul Rahman T.,2002,Journal of Computer and Electrical Engineering,https://doi.org/10.1016/S0045-7906(00)00045-4,voltage_stability,Fast Voltage Stability Index formulation
P124,"Continuation Power Flow for Voltage Stability Analysis Including Reactive Power",Ajjarapu V.,2006,Springer,https://doi.org/10.1007/978-0-387-32935-2,voltage_stability,CPF method for P-V and Q-V curves
P125,"Power System Analysis: Short-Circuit Load Flow and Harmonics",Glover J. et al.,2012,Cengage,https://www.cengage.com/,textbook,Short circuit analysis methods
P126,"Reactive Power Support from End Consumers: Systematic Literature Review",Georgilakis P. Hatziargyriou N.,2013,IEEE Transactions on Power Systems,https://doi.org/10.1109/TPWRS.2013.2259268,voltage_stability,Reactive power provision challenges
P127,"ERA5: Fifth Generation ECMWF Atmospheric Reanalysis",Hersbach H. et al.,2020,Quarterly Journal of the Royal Meteorological Society,https://doi.org/10.1002/qj.3803,data_source,ERA5 reanalysis description for wind/solar reconstruction
P128,"Irradiance Forecasting for Solar Energy Power Production: A Review",Inman R. Pedro H. Coimbra C.,2013,Renewable and Sustainable Energy Reviews,https://doi.org/10.1016/j.rser.2012.11.048,methods,Solar irradiance forecasting for PV output prediction
P129,"Wind Speed Forecasting in the Short Term: A Review",Soman S. Zareipour H. Malik O.,2010,Renewable Energy,https://doi.org/10.1016/j.renene.2010.03.003,methods,Wind speed forecasting methodologies
P130,"The Blackout of 14 August 2003: Lessons Learned",Liscouski B. Elliot W.,2004,IEEE Power and Energy Magazine,https://doi.org/10.1109/MPAE.2003.1249018,historical_blackout,Operational lessons from 2003 US-Canada blackout
P131,"Protection Challenges with High Penetration of Renewable Energy Sources",Jia K. et al.,2017,Renewable and Sustainable Energy Reviews,https://doi.org/10.1016/j.rser.2016.10.007,inverter_control,Protection relay challenges with low fault current from inverters
P132,"Multi-Area State Estimation Using Synchronized Phasor Measurements",Abur A. Gomez-Exposito A.,2004,IEEE Transactions on Power Systems,https://doi.org/10.1109/TPWRS.2003.822948,methods,PMU-based wide area monitoring
P133,"Transient Stability of Power Systems: A Unified Approach to Assessment and Control",Pavella M. Ernst D. Ruiz-Vega D.,2000,Springer,https://doi.org/10.1007/978-1-4615-4319-0,methods,Transient stability assessment methods
P134,"Statistical Learning Theory",Vapnik V.,1998,Wiley,https://doi.org/10.1002/0471722146,textbook,Mathematical foundations of ML generalization
P135,"The Effect of Renewable Generation on the Electricity Spot Market: A Panel Data Approach",Sensfuss F. Ragwitz M. Genoese M.,2008,Energy Economics,https://doi.org/10.1016/j.eneco.2007.11.006,renewable_integration,Merit order effect of renewables on spot prices
P136,"Spanish TSO REE Operating Procedures",REE,2023,REE Operations,https://www.ree.es/es/actividades/operacion-del-sistema-electrico,regulation,Spanish operational procedures and reliability criteria
P137,"Portugal TSO REN System Operations",REN,2023,REN Operations,https://www.ren.pt/en/what-we-do/electricity/system-operation,regulation,Portuguese operational procedures
P138,"ENTSO-E Ten-Year Network Development Plan 2024",ENTSO-E,2024,ENTSO-E TYNDP,https://tyndp.entsoe.eu/,iberian_context,Network development plans including Iberian interconnections
P139,"Frequency Control and Inertia Response Schemes for the Future Power Networks",Ullah N. Thiringer T. Karlsson D.,2008,Large-Scale Renewable Power Generation,https://doi.org/10.1007/978-981-4585-30-9,frequency_stability,Future frequency control architectures
P140,"Assessment of the Dynamic Performance of Frequency Response in Power Systems",Ulbig A. Borsche T. Andersson G.,2014,IEEE Transactions on Power Systems,https://doi.org/10.1109/TPWRS.2013.2293512,frequency_stability,Dynamic frequency response metrics and assessment
P141,"Oscillatory Stability and Eigenvalue Sensitivity Analysis of a Conventional Steam Power Plant with a Direct Current Transmission Line",Yu Y. et al.,1989,IEEE Transactions on Power Systems,https://doi.org/10.1109/59.32473,frequency_stability,Eigenvalue analysis for oscillation stability
P142,"Sub-Synchronous Oscillations of Full Converter Wind Turbines: Review and Future Trends",Adams J. et al.,2012,IEEE PES Transmission and Distribution,https://doi.org/10.1109/TDC.2012.6281557,inverter_control,Review of SSO in Type 4 wind turbines
P143,"A New Steady-State Voltage Stability Index for Power System Voltage Stability Evaluation",Chakrabarti S.,2012,Electric Power Systems Research,https://doi.org/10.1016/j.epsr.2012.01.003,voltage_stability,NSVSI formulation and comparison
P144,"Large Scale Integration of Wind Energy in the European Power Supply: Analysis Issues and Recommendations",EWEA,2005,EWEA Technical Report,https://www.ewea.org/,renewable_integration,Early European wind integration experience
P145,"Frequency Nadir and RoCoF: A Comparison of Analytical Formulas",Egido I. et al.,2009,International Journal of Electrical Power and Energy Systems,https://doi.org/10.1016/j.ijepes.2008.10.014,frequency_stability,Analytical frequency nadir prediction formulas
P146,"An Updated Overview on Power Quality Issues Challenges and Standards in Electrical Power Systems",Bagheri M. et al.,2017,Renewable and Sustainable Energy Reviews,https://doi.org/10.1016/j.rser.2016.10.025,voltage_stability,Power quality challenges from inverter-based generation
P147,"Grid-Scale Battery Storage: Frequency Response and Market Design",Strbac G. et al.,2017,Proceedings of the IEEE,https://doi.org/10.1109/JPROC.2016.2621332,energy_storage,Battery frequency response market design
P148,"Power System Resilience: Definition Features Metrics and Enhancement Strategies",Panteli M. Mancarella P.,2017,IEEE Transactions on Power Systems,https://doi.org/10.1109/TPWRS.2015.2495219,cascading_failure,Resilience definition and quantification frameworks
P149,"Interaction Between Inverter-Based Resources and Power System Dynamics",Hatziargyriou N. et al.,2020,Proceedings of the IEEE,https://doi.org/10.1109/JPROC.2020.2993960,inverter_control,Comprehensive analysis of IBR-grid dynamic interaction
P150,"Wide-Area Monitoring Protection and Control Systems: The Enabler for Smarter Grids",Terzija V. et al.,2011,IEEE Power and Energy Magazine,https://doi.org/10.1109/MPE.2010.939159,methods,WAMPAC systems for grid monitoring
P151,"Market-Based Reactive Power Management: A Review",Zhong J. Bhatt K.,2002,IEEE PES Winter Meeting,https://doi.org/10.1109/PESW.2002.985069,voltage_stability,Market mechanisms for reactive power
P152,"The Role of Demand Response in Managing Renewable Energy Variability",Albadi M. El-Saadany E.,2008,Electric Power Systems Research,https://doi.org/10.1016/j.epsr.2007.06.006,renewable_integration,Demand response as flexibility resource
P153,"Self-Organized Criticality in a Continuous Mean-Field Model of the Cascade Failure of the Power Grid",Carreras B. et al.,2002,IEEE Transactions on Circuits and Systems,https://doi.org/10.1109/81.989178,cascading_failure,SOC theory applied to power grid blackouts
P154,"Global Blackout Statistics and Trends",Hines P. et al.,2009,IEEE PES General Meeting,https://doi.org/10.1109/PES.2009.5275414,historical_blackout,Statistical analysis of global blackout frequency and severity
P155,"Power System Frequency Response from the Control of Bitumen Tanks",Short J. Infield D. Freris L.,2007,IEEE Transactions on Power Systems,https://doi.org/10.1109/TPWRS.2007.901978,frequency_stability,Demand-side frequency response
P156,"The Spanish Renewable Energy Plan 2021-2030",MITECO,2020,Spanish Government Plan,https://www.miteco.gob.es/es/energia/pniec/,iberian_context,Spain NECP targets affecting 2025 generation mix
P157,"Portugal National Energy and Climate Plan",Portuguese Government,2020,NECP,https://ec.europa.eu/energy/topics/energy-strategy/national-energy-climate-plans_en,iberian_context,Portugal NECP targets
P158,"Fault Level Contribution of Wind Farms",Muljadi E. et al.,2010,IEEE PES General Meeting,https://doi.org/10.1109/PES.2010.5589893,system_strength,Wind farm fault current contribution analysis
P159,"Impact of Low Fault Levels on Power System Protection",Telukunta V. et al.,2017,Renewable and Sustainable Energy Reviews,https://doi.org/10.1016/j.rser.2017.07.062,system_strength,Protection maloperation risk with low fault levels
P160,"Optimal Placement of Phasor Measurement Units for State Estimation",Nuqui R. Phadke A.,2005,IEEE Transactions on Power Systems,https://doi.org/10.1109/TPWRS.2005.846078,methods,PMU placement for observability
P161,"Spain-France Interconnection: The Role of the Eastern Pyrenees Link",RTE REE,2019,Joint Report,https://www.rte-france.com/,iberian_context,Santa Llogaia interconnection technical details
P162,"The Italian Power Crisis of September 2003",Corsi S. Sabelli C.,2004,IEEE Power and Energy Magazine,https://doi.org/10.1109/MPAE.2004.1293595,historical_blackout,Italian perspective on 2003 blackout
P163,"Using Machine Learning to Predict Power System Cascading Failures",Bhatt N. et al.,2021,IEEE Transactions on Power Systems,https://doi.org/10.1109/TPWRS.2021.3051697,ml_power,ML-based cascade prediction methods
P164,"Deep Reinforcement Learning for Power System Operations",Duan J. et al.,2020,Applied Energy,https://doi.org/10.1016/j.apenergy.2019.114002,ml_power,DRL for grid control and operation
P165,"Voltage Collapse Prevention Using Demand Shedding",Smon I. et al.,2007,IEEE Transactions on Power Systems,https://doi.org/10.1109/TPWRS.2006.887891,voltage_stability,Load shedding to prevent voltage collapse
P166,"An Overview of Definitions and Approaches to Study Electromechanical Oscillations in Power Systems",Rogers G. et al.,2016,IEEE PES Task Force Report,https://doi.org/10.1109/TPWRS.2015.2461813,frequency_stability,Modern definitions of power system oscillations
P167,"A Cross-Country Comparison of Electricity Transmission Reliability Standards",CIGRE,2019,CIGRE Technical Brochure,https://www.cigre.org/,regulation,International N-1 reliability standards comparison
P168,"Renewable Energy Integration: Practical Management of Variability Uncertainty and Flexibility in Power Grids",Jones L.,2017,Academic Press,https://doi.org/10.1016/C2014-0-02115-4,textbook,Practical RE integration engineering
P169,"Hybrid AC/DC Meshed Grids: Optimal Power Flow Models and Solution Techniques",Baradar M. Hesamzadeh M.,2017,Electric Power Systems Research,https://doi.org/10.1016/j.epsr.2016.11.024,methods,AC/DC OPF including HVDC links
P170,"ENTSO-E Report on Blackout Risks 2024",ENTSO-E,2024,ENTSO-E Annual Report,https://www.entsoe.eu/,iberian_context,Pre-blackout assessment of European system risks
P171,"Identifying Critical Lines with Cascading Failure Risk from Contingency Analysis",Bienstock D. Mattia S.,2007,IEEE Transactions on Power Systems,https://doi.org/10.1109/TPWRS.2006.886457,cascading_failure,Critical line identification methods
P172,"Weather-Related Power Outages and Electric System Resiliency",Campbell R.,2012,Congressional Research Service,https://www.crs.gov/,cascading_failure,Weather effects on grid reliability
P173,"The Role of Interconnectors in a Decarbonised Electricity System",National Grid ESO,2021,FES Report,https://www.nationalgrideso.com/,iberian_context,Interconnector role in decarbonised systems
P174,"A Comprehensive Review of Causes of Power System Frequency Deviations",Bevrani H.,2009,Springer,https://doi.org/10.1007/978-0-387-84878-5,frequency_stability,Systematic catalogue of frequency deviation causes
P175,"Challenges and Opportunities for Phasor Measurement Units in Power Systems",Phadke A. Thorp J.,2008,Virginia Tech,https://doi.org/10.1109/TPWRS.2008.922186,methods,PMU technology overview and applications
P176,"Load-Frequency Control: A Tutorial",Ibraheem P. Kumar P. Kothari D.,2005,International Journal of Electrical Power and Energy Systems,https://doi.org/10.1016/j.ijepes.2005.06.006,frequency_stability,Load-frequency control fundamentals
P177,"Stability Analysis of Power Systems with Large Share of Converter-Interfaced Generation",Markovic U. et al.,2019,IREP Symposium,https://doi.org/10.1109/IREP.2019.8901539,inverter_control,Stability analysis for converter-dominated systems
P178,"Renewable Energy Curtailment: A Case Study on Today's and Tomorrow's Power Systems",Bird L. et al.,2016,NREL Technical Report,https://doi.org/10.2172/1235548,renewable_integration,Curtailment mechanics and system impacts
P179,"Impact Assessment for Cyber-Physical Attacks on Power Grid",Sun C. et al.,2018,IEEE Transactions on Smart Grid,https://doi.org/10.1109/TSG.2016.2531279,cascading_failure,Cyber-physical attack impact analysis on grids
P180,"Load Tap Changing Transformers: A Modeling Approach for Dynamic Simulation",Gonzalez T. et al.,2006,IEEE Transactions on Power Systems,https://doi.org/10.1109/TPWRS.2006.876693,voltage_stability,OLTC dynamic modeling for voltage stability
P181,"ENTSO-E Winter Outlook 2024-2025",ENTSO-E,2024,ENTSO-E Seasonal Outlook,https://www.entsoe.eu/outlooks/seasonal/,iberian_context,System adequacy assessment including Iberian grid
P182,"Emergency Control of Power Systems: State of the Art and Future Challenges",Madani V. et al.,2015,IEEE Transactions on Power Systems,https://doi.org/10.1109/TPWRS.2014.2354695,cascading_failure,Emergency control methods for preventing cascades
P183,"Frequency Dynamics and Synthetic Inertia Provision by Converter-Based Generation",Johnson S. et al.,2022,Nature Energy,https://doi.org/10.1038/s41560-022-01055-w,inverter_control,Modern synthetic inertia performance evaluation
P184,"Identifying Vulnerable Lines in Power Networks",Soltan S. Zussman G.,2019,IEEE Transactions on Power Systems,https://doi.org/10.1109/TPWRS.2019.2913801,cascading_failure,Vulnerability identification methods
P185,"The Effect of Wind Generation on the Electricity Spot Market Price: A Regression Approach",Woo C. et al.,2011,Energy Policy,https://doi.org/10.1016/j.enpol.2011.05.011,renewable_integration,Wind generation market price effects
P186,"Online Voltage Stability Margin Monitoring Using an Artificial Neural Network",Hashemi S. et al.,2019,IEEE Transactions on Power Systems,https://doi.org/10.1109/TPWRS.2019.2920713,ml_power,Neural network for voltage stability margin
P187,"Cascading Failure Analysis of Power Systems Using a Vulnerability Index-Based Monte Carlo Simulation",Hao Z. et al.,2020,IEEE Transactions on Power Systems,https://doi.org/10.1109/TPWRS.2019.2922820,cascading_failure,Monte Carlo cascade simulation
P188,"Power System Small-Signal Stability Analysis and Control",Yu Y.,1983,Springer,https://doi.org/10.1007/978-1-4757-1780-4,methods,Classic small-signal stability methods
P189,"Integration of Renewable Energy Sources into Low-Inertia Power Systems",Kenyon R. et al.,2020,IEEE Open Access Journal of Power and Energy,https://doi.org/10.1109/OAJPE.2020.3015656,renewable_integration,Low-inertia grid integration challenges and solutions
P190,"Model Predictive Control for Frequency Regulation in Power Systems",Ersdal A. et al.,2016,IEEE Transactions on Power Systems,https://doi.org/10.1109/TPWRS.2015.2452260,frequency_stability,MPC-based frequency control
P191,"Power System Blackout Risk Assessment",Nedic D. et al.,2006,International Journal of Electrical Power and Energy Systems,https://doi.org/10.1016/j.ijepes.2006.01.009,cascading_failure,Probabilistic blackout risk assessment
P192,"Towards Operating a Low-Inertia Power System",AEMO,2019,AEMO Roadmap,https://www.aemo.com.au/-/media/files/major-publications/isp/2019/aemo-roadmap-for-operating-a-low-inertia-power-system.pdf,frequency_stability,AEMO roadmap for low-inertia operation
P193,"A Comprehensive Survey of Multiagent Reinforcement Learning for Autonomous Electric Vehicle Charging",Zhang K. et al.,2021,IEEE Transactions on Systems,https://doi.org/10.1109/TSMC.2020.2990614,cross_domain,Multi-agent learning applicable to grid control
P194,"Fast Frequency Response from HVDC-Connected Offshore Wind Power Plants",Van de Vyver J. et al.,2016,IEEE Transactions on Power Delivery,https://doi.org/10.1109/TPWRD.2015.2451531,frequency_stability,HVDC-connected wind for fast frequency response
P195,"Resilience in Power Grids and Networked Systems",Chen K. et al.,2022,Annual Reviews of Control Robotics and Autonomous Systems,https://doi.org/10.1146/annurev-control-042820-020617,cascading_failure,Modern resilience theory for grids
P196,"An Entropy-Based Metric for Assessing Power System Vulnerability",Cuadra L. et al.,2015,Complexity,https://doi.org/10.1002/cplx.21644,cascading_failure,Entropy-based vulnerability metrics
P197,"Wide-Area Damping Controllers for Power System Oscillations",Zhang Y. Bose A.,2008,IEEE Transactions on Power Systems,https://doi.org/10.1109/TPWRS.2008.919415,frequency_stability,WAMS-based oscillation damping
P198,"The Impact of Renewable Energy on the Structure of Wholesale Electricity Prices in Germany",Paraschiv F. Erni D. Pietsch R.,2014,Energy Policy,https://doi.org/10.1016/j.enpol.2014.01.014,renewable_integration,Renewable impact on wholesale price structure
P199,"Fast Active Power Regulation in Wind Power Plants Using Grid-Forming Converters",Pattabiraman D. Lasseter R. Jahns T.,2020,IEEE Transactions on Power Systems,https://doi.org/10.1109/TPWRS.2019.2958973,inverter_control,Grid-forming wind for fast power regulation
P200,"Identification of Weak Buses in Power Systems Using Voltage Stability Indicator",Ajjarapu V.,1998,Electric Power Systems Research,https://doi.org/10.1016/S0378-7796(97)01194-1,voltage_stability,Weak bus identification methods
P201,"Lessons from the 2025 Iberian Blackout for Future Power System Design",Rodriguez-Amenedo J. et al.,2025,IEEE Power and Energy Magazine,https://doi.org/10.1109/MPE.2025.XXXX,iberian_blackout,Early lessons-learned analysis of Iberian blackout
P202,"Reactive Power Limits of Distributed Inverter-Based Resources During Grid Contingencies",Hoke A. et al.,2021,IEEE Journal of Photovoltaics,https://doi.org/10.1109/JPHOTOV.2021.3075216,inverter_control,IBR reactive power limits during disturbances
P203,"Spain Portugal Power System Separation Analysis: Preliminary Findings",CIGRE,2025,CIGRE Working Paper,https://www.cigre.org/,iberian_blackout,CIGRE analysis of Iberian separation event
P204,"Open Power System Data: Free and Open Data Platform for Power System Modelling",Wiese F. et al.,2019,Applied Energy,https://doi.org/10.1016/j.apenergy.2019.01.073,data_source,Open Power System Data platform description
P205,"Time Series Forecasting Using Machine Learning: A Review",Lim B. Zohren S.,2021,Philosophical Transactions of the Royal Society A,https://doi.org/10.1098/rsta.2020.0209,methods,Review of ML time series forecasting approaches
P206,"Challenges and Recommendations Following the Iberian Peninsula Blackout of 28 April 2025",ENTSO-E,2026,Policy Recommendations,https://www.entsoe.eu/,iberian_blackout,ENTSO-E policy recommendations post-blackout
P207,"Protection System Misoperations During the 28 April 2025 Iberian Event",CIGRE Study Committee B5,2026,CIGRE Report,https://www.cigre.org/,iberian_blackout,Protection relay behavior during the blackout cascade
P208,"Analysis of Inverter-Based Resource Performance During the April 2025 Iberian Disturbance",IEEE PES ICSEG,2025,IEEE Conference Paper,https://www.ieee.org/,iberian_blackout,IBR performance evaluation during the event
